-1.1781278641072714;1.4634568907159398;
0.5478590892707421;0.5793060648892734;
0.9939510652908797;-0.5658894755073595;
0.6249998965779295;-0.0657832261921218;
1.4353535969057156;-0.6756661608721024;
-1.3137431368705528;2.0718500202419756;
-0.1408684237298024;1.2346766485906562;
0.1819850195063637;-0.2359183568359254;
0.3235544238323634;0.5979201182536813;
-0.2407275446027716;0.2770035493746033;
0.2594093645571457;0.4629884256842968;
0.1215597849359669;0.6729465378307560;
0.6436666162636334;0.6694415872684717;
0.1882698989553434;1.4807656584278837;
-0.1266098929387270;1.0698844679271722;
0.5641953163023492;-0.1075779387000627;
-1.1457312657814085;1.0662775747939128;
0.2277382802248401;-0.0986099476136825;
0.6784019658160954;0.7337378706950092;
0.0364925832992861;0.3807264336244830;
1.2239861553894054;0.4104158951558822;
0.6000934740289028;0.2755631091262949;
-0.3286944491961936;1.7666992068231080;
-1.2241330238918451;-0.9143342400527696;
1.0733563795249141;-0.4338387925838492;
0.3206570649884993;0.3788831969915296;
0.8679265067341377;-0.4892802491317966;
0.5283617002289343;0.3319861372229548;
0.0825281151922690;1.5321569594249245;
0.8666065292259580;-0.1448160464688887;
1.6151033446603336;-0.5491851855244854;
0.4801203313019988;0.4692381513775282;
-0.2891204663606856;0.8479303954806353;
0.7312085815023670;1.8403272115601759;
0.2263143243630913;1.8264529887307397;
0.2783282028284806;0.8293881189572666;
-0.0747948296892096;0.5991692206212839;
2.3725766990166557;1.1689218350881239;
0.1348379578485769;-0.1845209791876857;
0.7300186609781619;1.3221810959887255;
-0.0465654920865373;1.0414114583825700;
0.1741086542931592;1.0784725543605276;
2.0033018147038146;-1.7965959348373621;
0.7881780248077536;-1.2842133708726129;
-0.2198998311791890;0.8968006506344295;
0.0777099920712966;0.5161644670203118;
1.1613672223508931;-0.8260309346609961;
0.2091023197207618;-0.2583291664319412;
0.3574513714131636;1.2104790608322995;
-0.2784325149800053;1.1074977173301659;
0.3406050279476294;1.2811373551653782;
1.1195464549411545;-0.4464107040765994;
0.3140324071866503;1.3254851889940942;
1.3506248968134233;0.5720762896880842;
0.5278610053043111;1.2469320001848674;
0.8007991236779147;1.4654766803176797;
1.0106914965157370;1.1123100784813873;
0.5645100641120619;-0.0962456814969687;
1.0446914336280817;0.1234802940802056;
0.8395239529467142;-0.3291985382363065;
2.6791795774368468;-0.4046339978868722;
0.9786087737957258;-0.6475347029634860;
-0.2636170437587582;1.0296796649658524;
1.3888527612202470;-0.4330379066351431;
-0.5741069540185887;0.5982347411866556;
0.4154701867299511;0.1601345513001115;
1.5403979674921591;-0.9736261439691660;
1.3176099343228567;0.4683437962776066;
0.3185976193152373;0.3783785173179037;
-0.2079060048005515;0.6300797840555133;
0.4932602308769725;0.2665887997152869;
1.5099755152941889;0.9735255710088552;
0.4149994708452713;0.2225958582776969;
0.8007853004061227;-0.0736309265222833;
0.0376013594804703;1.0982560962099528;
0.1441929175629478;0.9118457752412776;
-0.1213490811932774;2.4576944285343654;
0.3896075682221286;0.7750340973066064;
0.2709384875933992;1.7673976112973662;
0.6757027813352570;0.2691053549194332;
0.2062941238674816;0.2751312480190800;
0.5865217496125055;0.0341208665044351;
1.1475476331208139;0.4575427709929621;
-0.0091933580027452;0.8217081626976739;
-0.5816133672716485;1.3817503432681664;
0.0522540657211447;0.5432606677854774;
-0.2425114008936131;1.1528613684543982;
-0.0509273086378762;-1.0628062491242156;
1.4903797342510394;-0.6354741079610943;
1.6535800950271260;1.3620495403026913;
-0.1306683136322957;-0.2748583028950210;
1.4029454972001729;-0.1289140386930763;
-0.1727502601911411;1.0085366876213075;
0.4695283192778305;-0.7887138591167797;
1.3632566841542242;0.4201722719366179;
0.6346501594143892;-0.0992882659331831;
0.4227363481650248;0.3001613462121802;
0.4584791365217215;0.1809965750995698;
0.7831682567046414;-0.3172417087273272;
0.7832868297407006;-0.3320850707498357;
-0.3692476485734261;1.8134365566421498;
0.5876016795899348;0.1459689860138438;
0.8078744917820596;-0.0306471960232878;
0.5434808470150220;0.8029269455037824;
-0.0626389314369499;0.2098994839798282;
0.0752388006098235;0.2014687540008702;
0.0681727936610705;1.3980228468209719;
0.7041395280019394;0.0870444195091728;
0.2748135473781170;0.4291556445905889;
0.9934792820696388;-1.1374168822273791;
-2.0288386790100921;-0.8341505524138447;
-0.1198426370802138;0.6088233501167748;
-0.0471155967612678;0.7128180367697627;
0.9032910809850891;0.4794648939371564;
-0.7376278848572458;1.3966959478051353;
-0.3004540092133486;0.4025772512296494;
-0.2184113676487067;-0.6699127721303457;
0.3431659787165938;0.1484361763686562;
1.1901144929448548;-1.0966194379667769;
0.6578287792730990;0.0398471754910935;
0.2264100959022655;0.3747172524774732;
0.2660755252122445;0.8976611728847446;
-1.8339870022045188;-0.5206638332136002;
0.4585134538235762;-0.7378304276850867;
-0.0457002511980952;0.5995303580791709;
0.8045673368029049;0.8517833007794855;
0.7837290900288965;-0.4730908874159631;
2.8261180767915777;-0.0570583722712960;
-0.4508812983950717;-1.0398466516765061;
1.1744706362165735;-1.6016526630576098;
0.0386441878000344;-0.7451460145141257;
-0.2984571051530424;-1.3381050395526000;
0.1507413562983405;1.3349677243118694;
0.8742848773051509;0.2246908867152052;
1.6472775968529647;0.2230662213431070;
0.6468879707813859;0.9977257180921426;
0.2821117576880264;1.0252053805810193;
0.1348095764944631;0.7192686489520650;
0.1619736172113594;0.2763697544131974;
0.5084790337245757;0.5609633112547903;
2.0594612191206974;-0.3010100474233923;
0.6479486939631225;1.0923645237122628;
-0.1784244932428106;-0.3369813987859559;
1.3492582852356365;-0.5548470984294437;
0.9450532082962249;-1.1342905800183798;
0.2623302152787247;0.0423985918043963;
0.5081042147750345;0.6009080534874256;
0.9224136993531105;-0.2739412402601647;
-0.1331940613311404;0.4590858570565011;
1.9106925317168804;-1.1307566687410666;
0.8257159708431707;-0.7628645225526411;
2.0270883059115454;0.6924050720831627;
-0.4599598264302430;1.8116996661174980;
-1.4394624722429428;-0.4615744504461405;
0.9342302087483485;-0.2486412135362697;
2.6800115067402737;-0.2420117927287573;
0.0766374724867313;0.5054559399545904;
0.3778609115740889;-1.2332856915447061;
0.1249956100361872;0.6508482717959627;
0.5154778981279067;0.3614503129275508;
0.3087527641195862;0.1106195707336093;
0.4096396597346750;0.2097310706523073;
-0.0580376771136721;0.3521382023254764;
-0.1890794069252978;0.4237471838092257;
0.5618949138888822;0.1423922173738822;
1.5167607030409065;0.9079154675743382;
0.3179175409491538;0.3825686310717964;
1.3340875251673976;-0.2225172793007759;
0.3645602618550527;-0.2361956428246356;
0.6634899806456414;0.5335649879916469;
0.6627200396427622;-1.3987508183835968;
0.2997095074218168;0.1317943412512592;
-0.8658375993768787;2.1207035362014235;
0.3537064800435085;0.9190558434261948;
0.9418811005883063;-0.1059412091253651;
0.2557912409735295;-0.7841246115644742;
1.8611735758173347;-0.9488861093389631;
0.1856339482642091;1.4748016205590528;
0.7841395654193718;-0.1328721981579107;
0.5289651896170914;-1.5902367673787086;
1.8861414404289780;0.9913323116062406;
0.4655043852645581;0.5411159373513897;
0.0453340685662267;0.6968384927650193;
-0.2430778804013605;1.2981293017302107;
1.2563626625013913;0.4264714496520763;
2.3980716960279040;-0.0699741343978295;
-0.3487382249224028;0.8097834734191454;
0.9151904122455375;-0.3556954496605113;
-0.2657770958650626;0.4150821415464083;
0.5842511058740354;1.4393266893101990;
0.7786246983708025;0.5019404614005547;
0.0596893716369472;0.2180354945086699;
1.6503251239611294;-1.4379385429516520;
0.4425442367447843;0.1181896981644558;
1.1837921336902757;-0.8861303936960109;
0.0553120773844146;1.6016784945439908;
0.7965436792531497;-0.4355020787961407;
-0.7074923834696404;-1.3451587917280270;
1.3308227921853213;0.2294830941633278;
1.3214590260015462;-0.5718752937616787;
0.2436504517259117;0.8449275591637663;
1.9793202486698394;-0.1302876145169723;
0.3818669009989912;-0.8445699174795327;
1.3411960817783304;0.8372846749503198;
0.9987142998834102;-0.5107977433371450;
0.3269512919338695;0.2611275454070508;
1.2374356219537570;-0.7694149708777526;
0.1433770479477899;-0.7528941901791678;
2.8771703287047505;-1.0828957679652733;
0.6169000262524887;1.0050315676473847;
-0.4599107615582230;0.1055371073727150;
0.9521777793022463;0.7803323577595647;
0.5280102794327846;-0.1165546189550500;
0.3696619907877356;0.0964646356974102;
1.8940030872872642;0.6681174355751105;
0.6484157735653245;-1.1239153959036707;
0.6262839943265843;-0.0684472184215125;
-0.2402217759028569;0.7081742781995262;
1.2370213840133868;-1.0130077134667479;
1.6303995732485730;-0.8462342937312143;
1.8351435239787479;-1.3958264819035526;
0.8646926113526417;0.4575573207629137;
1.7129079159203404;0.2051736355943937;
1.0816223967928589;0.0846900604877085;
0.6057138768771489;-0.0561679064921727;
0.4114850292251824;0.1418304355667701;
0.6745588938243924;-0.3915023624385229;
-0.2247992548779050;0.7413873645218840;
1.2727247099048093;-0.8564965347407035;
0.3964160281419907;-0.1246092176551925;
0.6765921909982031;-0.4412407583123255;
-0.1887713615536574;-0.0687848634238153;
3.0356242204769210;0.4467969253622543;
-0.2617248685195319;1.0617744804698432;
0.8813730592029914;-0.5083154395846033;
0.1291445269236385;0.2815605164736820;
1.0492994880682578;0.2551132282683005;
0.7360169354256659;-2.0523913441235777;
1.2391635238476670;0.7256259203545639;
-0.4309832922850226;2.5144040160750123;
2.3372388859502822;-0.9097435092276716;
0.9845351824725034;-0.3186726664972054;
0.2744904166183232;0.8288374538192609;
0.0757457669171619;1.0169771505009630;
0.2648755096534571;0.5368144992981935;
1.6528810551011115;0.0718747824395062;
-1.6303472309936602;1.7841238683637823;
-0.3356475999853138;1.1202700500849325;
1.0172921889730056;0.0805456861910468;
0.2971642022026750;0.3704079107881594;
0.6712990772082436;-0.0645682834446608;
0.8567679355652331;-0.3463996048514920;
0.6125335475266955;1.9814720918600173;
1.0354648475831856;0.8556825005464097;
-0.0464378343329663;-0.0892717952410540;
0.7247235670568379;0.0692354400589600;
0.7664655451991412;-1.3575871776358837;
1.2311130698881292;1.6725658247119759;
0.5550247137997876;-0.2318132915782149;
0.3849859934449951;-0.2068292394082137;
0.2792212453438730;-0.2004440032868718;
1.2101634120505440;0.4664243190868675;
1.9208549526798722;-1.5307144149104619;
0.8012916857322641;-0.1549503215180770;
0.3384996709776282;-0.5661861979900087;
-0.0961860560300614;2.1836977049377042;
-0.1677905921255136;0.9623197594301274;
0.3687668661073760;0.6511075989892733;
0.3750054137499188;0.1585615584867336;
0.4906397908564283;-0.8411530343599112;
0.6245229632164450;-0.4771302395210733;
1.5903495417534705;-1.1323161517157949;
0.7810603213317933;-0.9749200555066475;
3.0174562923226373;-0.1255513793124196;
0.8370498588802051;-0.7279572285007680;
0.6166233331717942;0.7873653141726327;
1.8248960494612194;0.1183029510761781;
0.7294210641351542;0.1914629131727467;
0.7172111652085729;0.5103215650308632;
0.6748948122450260;0.0723434184045509;
1.0328851145371887;-0.0175987112908368;
-0.8632336244382998;1.1525728414744982;
1.3069385775819287;-1.1969352622808893;
1.2629605843263461;-0.2580215088161525;
0.0449386945862069;0.6296099587948117;
-0.2068369364024411;-0.3746590012338201;
1.6138084351498412;-0.0198123803013043;
0.6205461298312525;-0.6591496575620667;
2.7758750260289711;-2.1161957976412902;
-0.9098444499931776;1.0885957329355063;
0.0933909635382085;0.1347189543916344;
1.9989648063466574;-0.0919709104487894;
-0.2402359023066497;1.0227706879800031;
0.2747467879901912;0.3522320265917089;
1.2771712134946589;0.2199763412706275;
-0.4022489206129810;1.2239746680102477;
2.1726304441683157;-0.1954984454028396;
1.2559250306403440;-1.4992209991668195;
1.9441821464341000;0.0296645600728505;
0.4649357313334271;-0.7661883863995966;
1.0300929506183483;-0.5884490614615449;
0.1991668122645527;0.3208094900117661;
-0.8439569557652843;1.5444645229619740;
0.7772421955900426;-0.6572337388184855;
1.0042854007236817;-1.2672911645888965;
1.2885452182421298;-0.0912122716713426;
0.6926542544376381;-0.6677907185391879;
2.3350047443256581;-0.1152639536247364;
0.6466750074305549;-0.5287769943632455;
0.9506608868322752;-0.4694655973846793;
-0.3137093176227246;0.8640589401785280;
0.5931056816873042;0.1973829042474533;
-0.6655080815222073;0.0366921764166374;
-0.3169845636014433;-0.4692593770179022;
0.3816642544726753;-0.3742221705412696;
-0.9252618549714754;0.3863108093219534;
0.6193960953568929;-0.0654619405052450;
-0.3766922645533658;-0.0826303270207711;
-0.1462493545868749;0.5233813416686358;
0.5770400033156997;-0.9984534137922751;
1.0045820608266109;-0.4517533322115569;
-0.0193978087770013;0.8310137797381811;
1.1667073935875272;1.5211082471686808;
0.1011234101436372;0.3145322154717435;
1.3615501530745653;-2.1188093016120515;
0.2807038843841881;0.2171395838992046;
-0.5177231116035103;0.6983133419910185;
0.7963560321347918;0.4899902886416007;
0.8826933717874430;1.8100264150436318;
0.6192688092076902;0.4094707145746295;
1.7470829609237666;0.1597229359502164;
0.6683336988903368;0.6550363247774091;
-0.6998391298766361;1.5408575539968412;
0.0280713496978585;1.2518755935819781;
-0.2298428205186444;0.9837410988989583;
2.5920188208455737;-0.5513786444251336;
1.5936945200061741;-1.3820283167373422;
1.8111868066043724;-1.4554997759653905;
1.1682999027820817;1.6205407106241361;
0.7541581483391291;0.5276062772715828;
1.4015634822983141;-0.3935160520623552;
1.0184968652681239;-0.8194197158849933;
0.7793506607900104;0.1021994207833404;
0.8096763794501147;0.3289142484450627;
-0.1249699655167351;1.2189101104101610;
2.1823449378275330;0.0527861870071616;
-0.1133430816054307;0.7421388939793019;
-0.3144368572898365;1.1557479222984917;
0.5927172805239417;0.7240281201759660;
-0.0549316697138392;0.0172539523514627;
1.4495729002566020;0.1905113415411915;
0.3810895283328096;0.2768055928392124;
0.3556443388106953;-0.0935837277412942;
-0.6774503672612920;0.2006822145285988;
-0.0295381649589744;-0.7315989248091457;
0.4972956747963058;1.0921567739004858;
1.3226520954665397;0.5013134604323995;
0.5683663759757929;0.8049016341194728;
1.3117995188723679;-0.1650295545747569;
-0.9373710260839164;0.5783105807664521;
1.6066814616797722;0.2222650762352503;
-0.1414831581353309;1.4998553563382533;
0.5764713207727690;-0.0305230357788648;
0.3853070611547264;-0.0460588540703611;
-0.5754886398417408;0.9777468400803103;
2.3218087483877810;0.6786568740059284;
2.0976481543645678;-1.9037768988142547;
0.3324733028905289;0.9983076254798906;
1.8708663362238003;-0.0267158707364322;
0.5081503029153662;0.1420051300862108;
1.1439399271567963;1.4806050909823658;
1.8710894009187014;0.1107848887200964;
0.2202638435775626;0.9707596337534838;
0.0173888094658495;1.3225770135511279;
1.0308387059440061;0.0072892186730217;
1.8883459171053842;-0.0143388676098652;
-0.9165523869607447;1.8232517489912197;
1.4231849093494908;-0.7716702478708234;
-0.1773738436324210;-0.0235158481068665;
0.8616894966695887;-0.3433524445636063;
0.7284538487533309;0.3367577110914826;
0.5046669934450601;0.6079745748019422;
2.0338378685227418;-0.3858206572396555;
0.1181235685908431;0.2163164326519257;
1.3327263069151183;-0.6202294784194050;
0.8234782140682566;-0.2246578229848298;
2.0452096689914043;-0.1427387489177578;
0.0043115022630708;0.2897451525096062;
0.4249510225534038;0.9286802982502490;
-0.2918154587483235;1.0125384269307047;
1.6103191667892975;1.4363379434311965;
0.0688415821784234;0.7522278325654685;
0.6801184720169802;0.5877132173464330;
-1.5602321349747301;1.4099078548816599;
0.5716477500066186;0.2529815991677400;
0.0097519866669133;0.9012765617111617;
-0.3130538065086120;0.4929544763613533;
1.3213280239290852;-0.0346870608673513;
0.6527656271482905;0.1519160365940825;
1.7780408369484930;-0.0589420862867227;
1.3505162234846080;0.4487765524016147;
0.2983864784874574;0.6853937557874487;
-0.3230972177497978;1.7599323397380138;
-0.0888671779892809;1.6412323734319461;
-1.1842999837257300;-0.1614007449790127;
1.1993211481928865;-0.3943269308151002;
1.5563155931017767;-0.8173524923069928;
1.7614654819900957;-0.1995054015098605;
-0.5906952809228750;-0.3488605939250966;
0.1989821408229152;1.0959723300900670;
-0.1535209354035153;0.7448186213323382;
1.1087290631387496;-0.9214076300255789;
3.7186969622996306;0.4322411660255203;
0.6407232077407876;1.9441718419672458;
0.9462284893718054;0.2667207106752519;
0.2464714604767215;-0.0137204767998856;
0.4302509804582282;-0.0257711154510457;
1.0443936276551462;0.6126689657198199;
0.9871030132906096;-0.7354248636114389;
0.3960227274024573;-0.5252579742832223;
1.0771492864574257;0.5233307844963369;
-0.0302671848125865;0.3206200239187957;
0.7364877169857558;-0.0221530044217668;
0.8854110197415309;0.2439614705675633;
1.9336421906086634;-0.6758081292912417;
-1.0971563283501267;1.0190225815273259;
0.2972988128602921;0.5923856286581907;
0.2888282883715663;1.1316218327450711;
1.6600738917349307;-1.6114382870546662;
2.1716811828287930;-1.0084255778806790;
-0.2338558791159766;1.7258439177127474;
-0.0997024450719789;0.5115003598818623;
-0.1830070550785861;0.6368549165969124;
1.2321689781254159;0.3982345381257777;
0.3116735377575157;0.9548781165412440;
0.6221730183013116;0.8564729005415003;
0.8468444904345898;-0.2099642135742938;
0.8568650945073923;1.0942318756422633;
0.6275208681123110;1.0220973679082088;
2.4589241659744259;-0.2718649570340779;
1.0091760298164389;0.3930600309899403;
1.1557204665026486;-0.7047343792799777;
0.8952428450162855;-0.4652406127965232;
0.4251519005448345;-0.1852929099291912;
0.9880018940261572;-0.4787377535867363;
3.2720985539241396;-0.3641329842456157;
1.1391918009432618;0.8413897340948553;
0.8693058617491443;0.0379248114670191;
0.9048662138073628;0.9302449297555305;
0.8298745540354946;-0.1662576648192481;
0.1968801134854399;0.6053106196769736;
-0.6635239848929638;0.9339880988663311;
1.2120784914701166;-0.6822036253428060;
-0.5817720292073126;-0.4860467668736275;
0.5593628893046877;0.5247198004590364;
0.4190623849322229;1.9710587771365427;
0.7664074970020694;-1.0583072834134040;
0.7247074978403428;-0.1586552347531144;
-0.0837648427309913;1.9366744579442501;
1.7041443551210154;0.6993943874055130;
-0.3251520441569363;1.5136693811132371;
0.6934242886693777;-0.1528432865234681;
-1.6014883453442117;-1.5438226934823960;
0.9723710329794476;-0.0736005710351657;
-1.3818479445131278;0.1485565969375457;
2.6385957479556237;-0.3501802645578027;
-0.6434444663503115;-0.0057797610270658;
0.9028418381169568;0.2126992355743765;
-0.2355120477800031;0.5356891102719950;
1.1008744355396238;0.0240623313656678;
-1.1882813528489256;1.9030923020085875;
0.0139985838750962;0.4781732124884122;
-0.5088222726167745;2.2787804374524683;
1.1706638818908317;0.2518483717666238;
-0.6835703235762737;0.2259183645346529;
0.6010829284572214;0.4365870091945188;
0.7592593929831514;-0.4663642571372983;
0.2388462843937557;0.6024422499163240;
0.5756607355522086;-0.3694693576325396;
0.4906586630219946;1.1530440791379031;
0.5766135788123525;0.0466086833045108;
0.3573359790641862;-0.1610794312731451;
0.8319754068668535;0.2941032763761292;
0.8169465046161255;-0.4608834393696527;
0.1027125363467950;0.2442219777997076;
-0.0182284171418510;0.4294072585659932;
1.2749238138083530;0.9300038035958452;
-0.9632903186470826;0.2616610499348531;
2.1557669835693183;-0.3987334693227078;
-0.8516622514876001;1.3463561085897007;
1.1585337664205708;-0.3099584488257611;
-0.2690167699971969;0.4772986361225042;
-0.4787262870164805;1.4911720699188682;
1.6049153606495490;-1.1881946308467479;
0.7800104658889678;0.1556281489745909;
1.0073621067635394;0.6127653878626609;
0.7224346993879318;0.4619557329744217;
0.3120709135524632;1.2668766561065754;
0.4079653181614985;-0.0635465394863816;
-0.2793329610310533;1.4424746671147970;
0.4528249222316524;-0.5457384378428788;
-1.5280249540127708;1.8562935274206087;
0.6006133487927876;-0.1396575041056395;
0.2899713805969917;1.0487784934818614;
0.2695486653214556;0.4893337535376425;
0.9596396725247027;0.3396940076287802;
0.8514169985979930;-0.9635506166895693;
0.2268995619095826;0.1524523755543494;
0.6504876740749895;0.2432622048261199;
-0.2782481664571922;-0.0823527105811525;
1.1698176073848230;0.5380430138173018;
1.5991107715842809;0.1383850749542419;
-0.6928725038436053;-0.1488830913424447;
-0.4527806967719574;1.4779858492521312;
-0.6741036746950867;1.9633315958573330;
1.1339819272221630;-0.0233101089207543;
0.6941216985911272;-0.1815732592443425;
0.6738617061606628;0.0944156393031893;
0.3117367574894148;0.3146480261365122;
0.3346530521942460;0.6076003147194573;
-0.4736759383923103;1.3987957724069138;
-0.0335939200480662;0.9495428334934470;
0.8350969166045876;0.8544972972203331;
1.0001675507495471;0.3525381983428028;
-1.0172896163300553;-2.6154761317824819;
-0.3878823146083606;1.3405414131624775;
-0.2639845670319125;2.5162858212311683;
2.0875177238980589;0.3470574599265182;
2.3509378608650313;-0.7801391161204405;
1.8935198467237160;-1.0027285692075729;
0.4351912486420886;1.9559539957623480;
1.4213341323220017;0.0068954890585330;
-1.0709253041776385;0.3067418070120374;
-1.1757221988709614;2.2461002722014629;
2.0177282717184606;-0.7455590193655195;
2.4447665405716759;-0.0129293441039604;
1.2272342216470316;0.3242912665704234;
2.6036380293388475;-0.3670872685795799;
0.4759936314255550;-0.2516290030107042;
-0.2838994247743849;0.7024411329321640;
-0.5242640566928881;1.1043169871293697;
-0.5699627967959350;-0.7079779169401109;
1.7397236881183131;0.0767011367097348;
1.1568571494773947;-0.5881822192891838;
0.0557133211796691;0.3737312658324300;
0.5789181073092464;-0.6838435419520558;
1.0398724760624845;-1.1219260931564701;
-0.2194093317640957;0.6885938417100231;
0.7960793559034169;-0.5982689227956414;
1.8982433800736613;-0.0753970657820350;
-0.2079777663630956;1.4264419332794556;
0.6493541405532586;-0.0335052891113433;
-0.2686685247133387;1.0066724326016185;
0.2340159290719906;0.8791901443628420;
0.4134721140728926;0.0058134671802796;
-0.2194499981318598;0.5261069561399510;
1.0721268579448808;0.4784704365449535;
0.2595039014620141;-0.1470472642483572;
0.7794806213077188;0.0273895749522475;
0.6683209235641897;-1.1564177039155865;
-0.2829401968987802;1.2061984634620835;
0.5266847562902888;0.8617277952968987;
1.2464931850109457;0.7555653898872561;
0.8347096460958093;-0.8097144866369103;
1.5121405372807146;0.2488608910199001;
-0.0117488895312344;0.0075965077731965;
1.6686102334949362;0.3318305187988133;
0.7743159437366849;-0.0563887137344111;
2.3436212477503426;-1.0552981190094692;
1.1068294920690323;-0.2379238704748688;
1.1853465275415278;0.5409632933475946;
1.2950765089415175;-1.0290370230336323;
0.0077088625384610;1.5361333375497164;
1.1282613873958582;0.2947872305569442;
1.4289964938138766;0.3902422925509613;
0.3695427311235562;1.0401836294073701;
1.0158018142792984;0.9068905783252705;
0.9465768265948439;-0.1049200032594058;
-0.3134170299740290;0.5636748461366070;
-0.2287953032808377;1.3386669198994887;
0.3147034828442929;0.2491717631079231;
2.8788326614004633;1.1729575933931060;
-0.3677036035245335;1.8361697781785422;
0.3790499103397534;0.6984748603209088;
0.0271273256244575;0.3717557090178948;
0.3626277166634040;0.4076908735687998;
1.0254711465001685;-0.5313973777930174;
0.1568418902830915;0.9565933157104655;
1.5547505406507929;0.4662712650256751;
0.7099416163830685;-0.8678998675004109;
0.9415629651148320;-0.4921397908606677;
1.4696966096552271;-0.6301264442691275;
0.5155745669634042;1.0799746397140315;
-1.6093205552820171;0.2969809851318730;
-0.4014643013822065;1.7624586647886087;
0.2265969057933284;0.6191950377656343;
-0.1115403316262588;0.9094223733619713;
0.4789676608825510;0.2426964743393489;
1.1742690861852281;-1.0585020005228918;
1.3453044060308714;0.6718994959515754;
0.3773948461583764;1.2868657642535555;
1.4184050285427126;0.3556389998266249;
1.1162264891292766;-1.0326619529069927;
0.6046367081610716;0.8804893723483526;
0.5780328790621483;-0.0557124939252181;
0.2842768995081981;0.1859720024377949;
1.6844852397997756;-1.1365701231562850;
0.8494180689021628;0.6728014969212437;
1.7561024610776488;1.3750872796614331;
0.6629432203071854;0.1937311414499162;
1.8114227360144870;-1.0228560760601870;
0.7030589597040293;-0.6096222179433786;
0.4179585596703965;0.8486769760610162;
0.8662688408174446;-0.1700529000264323;
-0.1268241891697296;1.1274333187970669;
0.2378716730805867;1.1116497660731459;
0.1487177004044822;0.7436219418082115;
0.8754356791379700;-0.4060587305850653;
0.3019527405805929;0.5216445855605023;
0.0041645087538701;1.0700696135115362;
0.9573117588184725;0.7206006073329299;
-0.1835356427463027;1.0887296304199401;
-0.1351518324561146;0.6561923787949384;
0.0305942288503819;0.0716373907380933;
-0.1664918186681014;0.9907164010510066;
-0.4114231839856705;0.5209003336262099;
-0.7858775760398501;1.6060273860449865;
0.5370432977665069;0.6249175002212954;
1.2578269232819497;0.5356539995250830;
1.4830046876824317;-1.6024192827024604;
-0.1732972003816834;0.3670451252782944;
0.0816887405806154;0.6268498193618161;
1.2819400147649702;0.9187505134090517;
1.4386815812516562;0.3764388297141838;
0.3176689377819203;-0.5968710283744890;
0.9185382009874445;0.4949424155119999;
0.5411471972691645;0.5975904335233647;
-1.9102417302633254;1.7687024522166896;
0.1789624455809238;0.3499394623774181;
0.9502895326294276;0.1021689468129733;
0.8857455259031023;-2.4201576006438952;
0.4438431034688674;0.7066389738432367;
0.3051279736827229;0.8239503765756760;
0.4163268618185493;0.3232283562805957;
1.6723766098548669;-1.1653143179098235;
0.9003221658523348;0.7541608239014406;
1.9071292502167223;-0.0953508988030417;
0.6823410837069283;-0.0234266583454582;
0.6589228156176336;-0.2165057956682038;
0.9702816514831213;-0.1866281249017822;
0.7738735304622093;-0.1087421851472349;
-0.3147047810259148;0.2036741234166621;
-0.2883805096273077;0.8462906424488176;
1.1725286648007094;0.7827566068581654;
1.2231987489633984;-1.7422618527082796;
1.3318142449250314;0.4933478435220873;
0.2638547796306563;2.2820571539677150;
0.6761067814746166;0.3009610413396711;
-0.3157845500074612;0.8859054790884755;
1.4533892537562652;0.5501795381885612;
1.9724067278839157;-1.0064367395165705;
0.7228539354996415;0.9638519846616243;
0.7698477269385875;0.6664767386680562;
0.9253393271143266;-0.1268178133882428;
0.2956765201004509;0.5083440078489665;
-0.4793788835893501;1.9077361228294556;
0.3242799998275365;0.0201886130441412;
1.2460447063519302;0.6895471908867208;
1.6691625476488472;-0.4315359757308395;
-1.2628488882545237;0.1381837231780569;
1.7226660980905275;-1.1138409454477944;
0.2260197823272377;1.3859536093210960;
1.6606410314784896;-0.3658191539991114;
0.8916563059108400;-0.1303112121662776;
0.5400094167423550;0.5237206226638647;
-0.8560739666107852;-1.3850244925718760;
-0.0157840674660836;1.4717457711815038;
0.8752452539099054;2.0028626603714690;
1.3835742011585941;0.2554808072408292;
0.4406339450575629;1.7116222977061140;
0.6520349550333573;1.7844162114781177;
0.5444914028318674;0.7391507248698518;
1.9474086234940362;0.2506992823621133;
2.0069563061367508;-0.5954027750818351;
0.3941881868910758;1.5413958484979178;
-1.6241800384354326;2.5833460351739292;
0.0029115099729015;-0.4298361075272024;
1.5711111629192636;-0.6174146571791355;
1.8810120302558806;-0.5048625949360958;
0.4805491001955497;1.1493647589127256;
0.1681331975858733;0.1200952639894199;
1.4756526828533709;-0.8904308509549120;
1.1716196917504158;-1.4450377612293557;
0.4440802365769860;0.7955771471365179;
0.4355099197626345;1.0972158391723628;
1.4536662289236011;-1.1206879284796132;
0.9213438568300933;-0.0515783007240433;
1.7187835988963482;-1.9073153911445717;
-0.8421997010208689;1.8122609409717485;
0.9872989273819139;0.1519510640433248;
0.1250115797270378;-0.0426014494675820;
0.2812377348191656;0.8267767343659940;
0.1649195339546556;-0.0456134014932146;
1.8502391307559134;-0.2750273315685850;
0.2368902476403246;0.8278064150042591;
0.4470880053186886;0.6382861875730267;
-0.0374478254746230;0.1945871774256485;
0.0567647861159963;0.6873182119051753;
0.9321420869134464;0.4199359660198632;
-1.5356444210127975;-0.4008418826363922;
1.0003353121192482;0.3820919187614871;
1.2510416124885406;0.1921003967195362;
0.6427791261999588;0.1555981793663725;
0.7314079018457706;0.1504110555260810;
1.4475322010465592;0.2356949175898268;
-1.5470202953884082;2.1586533839779665;
1.3334514221230529;-2.0253935971337222;
0.1908493731188134;1.1825233582485732;
0.6906524672457260;0.0320747937330707;
-0.6207243483100653;1.7301842156404623;
1.3945531453841107;0.1185837937703278;
0.8037400618239189;0.0657106684990983;
1.1176449933000947;-0.2745444293054542;
0.0884775036718620;-0.6801502708627432;
2.0690244005930398;-0.0511761859991175;
2.1188332565089416;-0.2204023272849529;
1.4452679542970444;0.3366607809958124;
0.3045623939853886;-0.0901286583543245;
0.3958626445770737;-1.5365643667362547;
0.6244148499872519;1.4607559255340519;
-0.1762428509765968;-0.0731260525335817;
1.1030598208963540;0.7980944797327987;
0.6728311489377267;0.0502966605681165;
-0.1217565924833763;1.2067210032535129;
0.7830091476733193;1.1370565777210448;
0.1812442550939705;0.7650954707968440;
1.4761777229674018;0.0431161661722079;
0.0282226804033560;0.7963599069833456;
-0.9075077826132839;0.3659013471275681;
2.7322610033453532;-0.3000319846947499;
0.2346082709778092;0.0008779089751899;
0.3172815539028455;1.4210869794027978;
0.4360032294083013;0.7365615434006207;
0.3215029209843177;0.9399098861183582;
0.6146755170729907;-0.5245680765782094;
0.5413687196544450;0.8754306743143143;
-0.8808658971735753;-0.3115068183225803;
1.8394493165337633;0.8320080720539689;
0.0146794231250265;1.1545072711730544;
-0.3981382365086784;1.5325156942768583;
-0.3531527348906686;1.7511967349185795;
1.0335283817768626;0.4678086407461762;
0.0476190527136893;0.2760816549942233;
0.0452807075138151;1.2434631789704980;
0.6310639877284892;0.6440944462033231;
-2.0007114439440739;0.5993557235200975;
1.5129541346024822;0.7077434412951989;
0.7755206854320389;0.8216083805475960;
0.4855823067441725;1.0739678786277662;
-0.9299504378728561;-0.0740666514988632;
-0.2876631952545032;0.0533839166357363;
0.6176481936535374;-0.3386480665691031;
0.8553063398676880;-0.0627852786603301;
1.8664367864385163;0.2285489302800912;
-0.5704851177283073;0.5975318993289075;
0.5471179721652758;1.0745586375746041;
1.6870145338646512;0.2367287129501761;
-0.3983140143713264;0.6977639889612265;
0.1749896132526431;0.5803793935321645;
0.6630972868574548;-0.1645698073965746;
2.6580937675224510;-1.2753713347799238;
1.3838686601876780;0.6749943993388160;
1.2722389305072743;0.9283253855361229;
1.4360135860254037;-0.6825863853321761;
1.0978886719182950;0.8550495034781445;
1.0733661399646048;-0.5249814435898169;
0.1689159348610453;0.8029589413701590;
1.9848854711838317;-0.5839724987514663;
0.1070336805835473;0.2561907220130020;
0.2009916028766251;0.7907882420791472;
0.9003998113190108;-0.0693549680023617;
0.3767690811267339;0.4450319363992246;
-0.1261117044739789;0.8989606877716727;
-0.2613957655995844;0.2571005773619920;
1.0369525138528979;0.2294245292463792;
1.1026886448743718;-0.1959122373028019;
-0.0019694095770465;0.8746541121180762;
1.3027286310775559;-0.1454925615102017;
-0.7163894579145881;0.5512023517289928;
-0.2187037222558834;1.2619680817023287;
0.7460150128334110;-0.5387581511897435;
0.3555634343029270;0.7383325048237503;
1.0634068139958770;-0.5197905554595875;
2.6249622586471313;-1.0038023089161519;
0.9647648872068983;-0.2551065811271944;
-0.4258959994387895;1.5213850059671654;
0.3271529098260822;0.1220471939794476;
0.5798585286212765;-0.3121940898381852;
0.7722472034427993;-0.8605684274135212;
2.0027796515207443;0.1864475424825840;
-0.3174303796716363;0.7782018507945554;
0.3590526353922616;-0.2778700652402737;
1.3482280344605022;-1.1329682707633888;
0.5244734810116497;1.5143682437884518;
0.9553712454864921;-0.6943987206442525;
1.4732573501151180;1.3880311668732341;
0.4241281613611181;0.2187672435060406;
0.6402567736059745;-0.4798331837767024;
1.0564078371764141;0.1929752368117519;
0.6795049524334755;0.8690759552251416;
1.9143397793629648;0.2214813643463343;
1.3360423352536168;-0.8144068096990775;
-1.0528731701927643;1.8126841628055532;
0.8905979466050976;0.1249017844652483;
0.4139337730033981;0.4855747845572215;
0.7555795005891572;-0.1421398272524012;
-0.2749999748507553;1.5942370745780565;
0.4048060789138040;0.8081351073086592;
0.8109909852266837;-0.2973199200758492;
2.1627715836769883;-1.1285026876031039;
0.1970222655941757;1.1830896158383677;
-0.2016189638342820;1.0125888003999064;
-1.2207153108651343;0.4454322361058035;
0.7459340611298962;0.2383341174883845;
-0.1180115213059911;1.2833215907622026;
0.2692423116990632;0.8231352977245470;
-0.4107353945922375;1.8786067077130475;
2.1656067817625262;0.3129285872782509;
0.5578840215786085;0.3793557538501698;
1.7671297802702601;-2.3895384910285289;
-1.4766171100559191;0.9836757893362181;
-0.4184385059902128;0.2838171209558931;
0.9378261756600598;0.3761790439395447;
2.8202583710638476;-1.2795346617473407;
0.2441040787203483;0.0171372968093412;
2.1289229171660842;0.9284217713687376;
0.1658955546108803;-0.0695571138054765;
0.6972248992173304;0.2728920568781404;
-0.3898490660451220;0.9261661005321963;
-0.5816199298129446;2.1023959389930282;
0.8773420286157587;1.3217042894306188;
0.5872840367681232;0.0347740126487073;
-0.1064566432420248;1.4489932786029764;
2.2264470357147124;-1.1969227326170830;
-0.5094892842026250;0.5635265029716087;
0.7547828725979761;0.0656462558132682;
0.5952066146861437;-0.3673464399082312;
-0.0090902310585461;1.6215140010250684;
-0.0642392633059431;-0.9305127627343308;
0.6225231014823103;0.4348623353066600;
-0.7060145880716943;1.5997604600771476;
2.1033276092308748;0.7244935457084216;
0.0318789847233754;0.8182990214091934;
-0.4612849398683229;0.7033703988222473;
0.8319837447339092;-0.4753322903494608;
1.0351721590718694;0.7420588514918580;
0.6149843667457829;0.3512979785321941;
1.5748647352210763;-0.7060308000354405;
-0.0517765814958902;1.0133263196239777;
0.1269400704919202;-0.6543401068951561;
0.6856797922497001;1.3258766972141327;
0.9683357201096974;0.3199990109101712;
-0.3493662321850658;-0.0491659546690331;
-0.3158352324913373;0.1889128689664114;
0.8558702885131863;-0.1855649717550557;
0.8003156778368787;-0.2813106425603853;
0.4426969165788227;0.4908458452693235;
1.9488040480569913;-0.3391076219026277;
-0.9191905543763682;-0.2375903257975538;
-0.2654525541795825;0.8421209881003591;
1.2244071229197586;-1.3022112401407622;
1.7479604515539964;-0.0801143903973925;
2.0981551993036973;1.2014055506420149;
1.3288189035227320;0.5946322304621594;
0.4713910762199358;0.8355481847669229;
0.9462812621815839;0.0321484177600937;
-0.2632104640171986;0.6621523929987539;
-0.4498137650246442;1.1460021064427166;
-0.4331827779571628;1.6684673797925047;
-0.7405876720510244;1.0448579609922080;
0.4391368029958108;-1.0919704275175528;
1.5346792978617074;0.1288908229072375;
1.3433176105757707;1.3544146543282705;
-0.9457790085844174;1.9341175621681945;
-0.5163524229059374;-1.4463778342673776;
0.3006376903314895;0.4825430987967638;
0.5251763979209150;-0.2826096948012261;
1.6995801395179697;-1.6499780049063122;
-0.0001177593829531;1.0301823081969417;
0.7155113402425719;0.4845130610894152;
0.1605785286080482;1.5367154611527403;
-0.7443042314340438;1.3479679565236031;
1.3876968515155461;-0.8770828693961001;
0.1419749468990174;0.2865354563144225;
0.4357633575683098;1.1112619281978389;
0.3257979312382772;1.7511942438386483;
0.2477952549397624;0.4259383152360524;
2.1169174385548621;-2.7798090037166636;
1.2033586139876720;1.0024451736961995;
1.7933912090919288;-1.1004134987636174;
0.4931760670113504;-1.2254566213911737;
1.9233165866065596;1.1043604896078181;
-0.2301159076095359;1.2218519838603619;
0.6196930901914044;-0.4889918198513430;
-0.3775170381719964;1.7861033318465975;
1.5983298268418626;0.0407631429612630;
0.0215113740130018;0.8660119757732914;
0.7619231250546886;0.0126220042054069;
0.2975138287325722;0.4232560683752174;
0.7796506394937994;0.0126246546467788;
1.2004530435191647;1.3111900708821933;
0.6635753703431213;-0.0544675712550814;
-0.4126668332946110;-1.1247597862361425;
0.1801235395551314;0.9851414959498185;
2.4626878995251786;-0.9531253738851293;
0.3062565721686886;-0.1572761019631017;
-0.3072633488675620;0.4100018947825921;
-0.2423423075442693;1.4564019513768471;
0.4753480246623538;0.3264787013549258;
0.4857120472503790;-0.2196903053407911;
0.7893250666183735;0.2190237938913380;
0.3053853671359238;-0.3896083416085264;
1.4713937910160637;-0.1506878786544700;
-0.3942491282584702;0.4723246327287202;
-0.2758190715256633;-0.3478008929149834;
0.4455705589276243;-0.0741299152066929;
2.0427335424816437;0.8123654157024061;
-0.1051615110819922;-0.2796845425904084;
0.4774749717157685;1.4902031175589827;
-0.0542298594522036;1.5517234934892641;
0.7976191807699756;0.8758409998648060;
0.0892718766078781;-0.8430517018547892;
0.0141223965324470;1.1460009918605112;
0.0941669674577896;-0.5244466583455420;
-0.2345777868300000;0.5805581046344966;
-0.3259869124665763;1.0597808882284285;
0.5625028408503517;0.0323298772325090;
-0.4332592414747974;-0.7659670008862109;
0.8992626358201214;0.2192603104413169;
-0.3259221658895611;0.2432455446327386;
1.1761826301400640;1.3663381729303554;
0.9731194126553615;-0.6646136754439278;
-0.2499499757247052;1.1079349351421872;
1.3988186753383718;1.1125604597896415;
1.7207144949953324;-0.2814574293880797;
0.4643378743611318;0.2238938039706067;
0.0964160104672063;0.9910443466433505;
-0.7710715259679940;1.9829492623002187;
0.7407885306246218;-0.7408261799485344;
2.3115961702945262;-0.7444119506889828;
0.3588373037591681;0.5800232225197266;
0.0567043017700250;0.5452187674971857;
-0.3107394934142830;1.7185298442186645;
1.0774342682744842;-0.6382828748310028;
2.5865367649979811;-0.0090404573696619;
0.3084514248320652;0.5153247229727242;
0.4619227792619319;-0.1269298511151059;
0.4745542548044361;0.1702011343413504;
-0.2388633169113387;0.8131980241749207;
0.5994580556980634;-0.1258096970020006;
-0.4838365935578933;2.2354826799305290;
0.9415297900977686;-0.4191935796008271;
0.3097619181036093;0.3045269745520258;
0.1913535630680036;0.5863589244189915;
0.2323191913689060;0.6330302334221193;
0.7114257487960046;-1.3062269107461060;
0.4699494506111614;-0.0636033225000368;
1.3230925901656887;0.6944490573564154;
-0.2045894536819199;0.7061183515216821;
-0.8799213042282880;2.5495894352623898;
1.3581418693801559;0.2026639239031722;
1.5516704988497696;-0.4873667080672237;
1.4094765624119767;-1.0401678146853248;
2.4952068178832301;-0.3963808668083925;
0.5707146739090549;-0.0600910332423370;
0.1050251789425534;1.0385466583451000;
0.2855390860216509;0.3475223903206734;
0.5703967327288663;-0.3810718055824843;
0.5118820685304246;0.7131655591612773;
0.9450092480623010;-0.3280152654554235;
0.3798303108903887;0.6937203748699131;
-0.2826613812217180;0.7698825153931205;
0.0045786912808828;-0.1763777323755795;
2.0815749302451310;-0.1584389121135171;
-0.9970141847085167;1.8880023976511791;
2.4877406068123467;-0.0405825416106115;
2.0867452356274820;-0.7743350938217584;
-0.0479341286987125;2.2662899670216863;
0.0522476431230757;0.5922905308016008;
1.0578743693792829;-0.5369483577080576;
0.8255652869162373;0.1911141940570376;
1.2552095462923647;-0.8737042589300171;
0.3579014529728616;0.4705347672696190;
0.4794241131745312;1.0111885293461198;
-0.1146705582209284;0.1819550136029184;
0.0972408002039425;0.2043709332225622;
0.6205435782690200;0.5129947907214113;
-3.3580153385253415;0.7312819204702240;
1.2640679785839142;0.1083570363704758;
-0.0024244354188668;1.0637923130958837;
