0.2239879902691379;0.0640196347006089;
0.2513148690426151;0.0811684382928297;
0.3101381371816694;0.1130236877255432;
0.9396115924357983;0.3964856453650442;
0.2615646593133027;0.1473145385989730;
0.9733937995998772;0.3655874411206586;
0.2831985267696096;0.0877102493073878;
0.2143438550171802;0.1481029818332430;
0.8001387819567988;0.1044787663687421;
0.8781778338659083;0.3861064323763504;
0.8950371358250310;0.3938470876841191;
0.9360744684075889;0.3853529031530935;
0.2705945432384831;0.0682496214461911;
0.9556255662112501;0.3457067141578993;
0.2764818414282673;0.1050675502850711;
0.9141165893712190;0.3567724458743278;
0.8965082408144994;0.3766517762536918;
0.9362043804251867;0.3710559919285321;
0.9292444851314755;0.3720007155686134;
0.2654206748119077;0.0801698720703348;
0.1983143838059670;0.1566013975633009;
0.9195685149133203;0.3190507785673238;
0.2590106516891725;0.1250909627151176;
0.9143940324287527;0.4049670515895099;
0.6974024948092222;-0.0258101910068836;
0.9400350763542906;0.3688585583850949;
0.8889912684553760;0.3851956472944053;
0.2402997848567501;0.1393667292026338;
0.2252810810714477;0.1373711137508460;
0.3064176728182768;0.0968974769600925;
0.9203412368757846;0.3636489133264962;
0.1393770144085488;0.1152830569602460;
0.9628517707568262;0.3827173169079635;
0.8962900829065288;0.3499684597089830;
0.8206637023306806;0.4181257625806585;
0.1491784326466552;0.0994947418098710;
0.2696821191986032;0.1269870714086030;
0.9140214420483761;0.3714404985666665;
0.9361992905255498;0.3572415461375513;
0.1791760276255449;0.1303588110912720;
0.2945670628255310;0.1295424653818809;
0.3564755059133095;0.1339509132946851;
0.2158698332094760;0.0773378643251415;
0.3318938406823351;0.1102760343204724;
0.9220691902059081;0.3469529803983710;
0.7326835640119734;0.0506484247596622;
0.9252077322464225;0.3718023662139722;
0.9225031382194531;0.3276521891223370;
0.2193571612722253;0.1206003329689841;
0.9830156886069245;0.3497961528732473;
0.1740421750776699;0.1422307532545055;
0.2374611067740018;0.1434125381615185;
0.3882707500263236;0.0839007575132872;
0.3381413245059998;0.1304182329377883;
0.3064597699272926;0.1432870256783419;
0.9306919365341877;0.3930081479775466;
0.9391539901901514;0.3887426676594495;
0.9186240019953258;0.3572666909485740;
0.2133726864796583;0.1306975545998705;
0.8930047581661047;0.3541499208936709;
0.1627616435656260;0.1307370167573082;
0.9454322960325562;0.3231588866478849;
0.9358108021329513;0.4033511701330584;
0.3663211311101385;0.2009146146204418;
0.0841362333182535;0.1079889486001800;
0.6701720267176674;0.0529670333008500;
0.1589560829855947;0.2395008631786241;
0.1994742858099555;0.0974437219373520;
0.1715146186656600;0.1288869356043112;
0.1900420138859671;0.1158600076164169;
0.2702045420546325;0.0938881659187492;
0.8768198554911807;0.4091202375342275;
0.2914653912746040;0.0707783457176687;
0.2831768363234069;0.1480749841395104;
0.9319842039753149;0.3743852386206672;
0.9672476855388827;0.3217119763808683;
0.9375390199570315;0.3832556629097337;
0.1536612568850653;0.1351294678065066;
0.3781248568195746;0.1326647179073445;
0.3286906462917299;0.1317133360040113;
0.1841974240086972;0.1584984520527310;
0.2778574137821736;0.1663421976653555;
0.9191035345618319;0.3899222832288164;
0.2653286992577793;0.1416010429233415;
0.9016957850204115;0.3923401523726114;
0.2999087310583090;0.0396826500568677;
0.3131021068741500;0.1130480959030978;
0.9287377214388599;0.3908228164125933;
0.2816093571875221;0.0602489082629870;
0.9674983234636473;0.3393012314884211;
0.7299790206017264;-0.0234289620419506;
0.8912696424570804;0.3823284644800447;
0.1723776530167887;0.1574953371606802;
0.1690040889664000;0.1044061432453852;
0.2698225675641170;0.1821499749184061;
0.9080048698835659;0.3905217952581309;
0.3595297255157221;0.1279371401067177;
0.3898151647271522;0.1628093737979379;
0.9093446606302668;0.3510745129328307;
0.2602487086233727;0.1073279546722308;
0.2859016892122055;0.0616179658870102;
0.2972827916734567;0.1573495490155852;
0.3269953366773000;0.1363073609440393;
0.2123435426473501;0.1216561672301099;
0.3006074094693393;0.1189915712381689;
0.9265494929423852;0.3309649513322194;
0.1907188252065215;0.0681690276786576;
0.2758447455989715;0.1007666192707986;
0.8399572574117886;0.3817169160091513;
0.9384361033354578;0.3404256174133664;
0.3846919808132739;0.1181585179355890;
0.9533246308781131;0.3160026819617919;
0.3485932158873351;0.1476632932658587;
0.9291142498279540;0.3517424614931847;
0.9816437161256146;0.3023443454051285;
0.9338578702121294;0.3286154151332464;
0.2385502505714098;0.1040935610916238;
0.9400536823562277;0.3739501911335672;
0.9174270423982446;0.4188368578005496;
0.9005438786114972;0.3741407530331353;
0.3609373829224688;0.1430016365948745;
0.2722864205916520;0.0903538812947570;
0.1664164768213739;0.0924866457165718;
0.8683001230122829;0.3733993748706630;
0.1742481181641536;0.1101471859700761;
0.9231976080575923;0.3782069697592889;
0.2279504607448822;0.0672932575915695;
0.9658285327529722;0.3147828276895096;
0.8616357329149011;0.4257953251583539;
0.1755652149100113;0.0901744632742434;
0.2420068564875945;0.1063931599236393;
0.1773338632472615;0.1097713069877260;
0.2938177415820308;0.1671947919159036;
0.2485561815235112;0.1540921012824480;
0.1959503175865249;0.1730631293519752;
0.2761726958558734;0.1515165744150386;
0.3050996749890640;0.1146081618561836;
0.3298252975989718;0.1110087191115474;
0.2852046412429294;0.0180156465841007;
0.1571129379533803;0.1592348266924981;
0.2501680696982050;0.1091333070647030;
0.9336795998636005;0.3689825410515312;
0.8826848606372104;0.4359349405182648;
0.3114520246547670;0.1250040089748849;
0.9132973524348100;0.3877762237478370;
0.7988078776096560;0.0752994116514793;
0.2112207895808143;0.1525952759016744;
0.3126603817965303;0.1784707840581035;
0.2737268879875894;0.1621166514802078;
0.9579588465707806;0.3356998208733338;
0.2925849176498055;0.1583239295208133;
-0.0082485458960705;0.1930651055831160;
0.8677311815854795;0.4516959850473543;
0.2272651146840980;0.1150218048054193;
0.9106473357637025;0.3378181175257285;
0.2695161568697221;0.1262096353279908;
0.2532811010065975;0.1363965297666220;
0.3184345105507939;0.1033236368095626;
0.3240713232756471;0.1076854864195779;
0.2111339322297983;0.1428750145056465;
0.1451862715277209;0.2328732736348612;
0.9062444438707554;0.3876920767923505;
0.1643407958689765;0.0763142148393347;
0.2274319839458421;0.1648971760423977;
0.1744381523093550;0.1463607206090335;
0.9559240808515870;0.3362559216141919;
0.9646420057263415;0.3411318255417511;
0.2570800076539558;0.0789932466517285;
0.3190853402955043;0.1512644209275440;
0.1005817925551970;0.1059349484425760;
0.9274118406605503;0.3314022521075982;
0.1722225922626917;0.1147200972492490;
0.9336547961587603;0.3909415054097474;
0.9292792549963200;0.3249922982358417;
0.3142690530459196;0.1260935555157332;
0.9150921601138694;0.3635284428534377;
0.2289098362849614;0.1436335884869414;
0.8478644325462734;0.3604673833010076;
0.9079263969452044;0.3741729313622894;
0.1636951679870353;0.1343273686286885;
0.2310346783307268;0.1415292477857526;
0.2035581701793969;0.1314184047961295;
0.9950406065086276;0.3447065577200672;
0.2715200122977552;0.1315157322809986;
0.2553176829820177;0.2161310614294976;
0.9208288378545547;0.3882203185166822;
0.2029062207499955;0.1479551184092753;
0.9284995191631589;0.3577216709043828;
0.2646301016882724;0.0224488616761734;
0.1813115420126413;0.1485321228903383;
0.1226815221045819;0.1246268328679088;
0.2369487865741789;0.1562016143534888;
0.9479520201063878;0.3529698858753619;
0.9371793302624459;0.3704362757504315;
0.9903312388544533;0.3294892200960322;
0.2425223761940178;0.1224721069079068;
0.2202236693467275;0.1288405043312182;
0.1552634327883337;0.0839803111532360;
0.3014267586182540;0.1529042831918331;
0.9177196156242833;0.3760470074378385;
0.2517438265968788;0.1275617919607987;
0.2409587703122564;0.1161061397245762;
0.2747054936741268;0.0563102268435298;
0.2826367812906609;0.1430293579014177;
0.8969953270540997;0.3820891037693549;
0.9803999543690307;0.3650843813137512;
0.9077915501922343;0.3425916198430735;
0.9135865792722255;0.4216476533073351;
0.1581189239955032;0.1504983215975047;
0.1770555543497516;0.1415586476978969;
0.2996304024481748;0.1520500707232929;
0.9273785480977190;0.3432383321596085;
0.2687903010558559;0.1161137534173403;
0.9304142460902037;0.3522640636699839;
0.1895802406606126;0.1615259200925870;
0.9019376818673875;0.3948642458096661;
0.0622030984285876;0.1475639560596941;
0.3700349107004961;0.1370300181820634;
0.9286988459635718;0.3543872152529043;
0.9632965254581634;0.3044551204630080;
0.2708596966192581;0.1655733511248555;
0.2658378119610270;0.1303040034661143;
0.1184978369669418;0.0973722667230201;
0.7324296294097477;0.0532306585043886;
0.9514850754328783;0.3669830781708213;
0.3569561307459297;0.1953068297208941;
0.8851073057841240;0.4387189053852577;
0.9504961904309143;0.3580251222616960;
0.9304893139478427;0.4260109625884949;
0.9333821632180157;0.3474150684710310;
0.9623802310173598;0.3279283428400999;
0.2176730930023801;0.1661943291170134;
0.3280179868399224;0.1276971575980087;
0.3758144931298992;0.1467551207886307;
0.0894612395857965;0.0902470274624164;
0.9104086896120359;0.3585369716954162;
0.2750231714565533;0.1472214586590149;
0.9183919201132159;0.3749449946885265;
0.2758415754171142;0.0964150009635885;
0.2671737101281319;0.0681556157304766;
0.7089665317866077;-0.0003156680894843;
0.2466700871011181;0.1127786174972751;
0.8819580567563199;0.3780781024150715;
0.2532475907313748;0.1213673170827707;
0.2125665587839548;0.2001667661397547;
0.9538746760409345;0.3653232187245484;
0.9457497512858222;0.2925604338811800;
0.2761413707826385;0.1772779918691091;
0.2119006113383994;0.1405257108809891;
0.8956690516952061;0.3884673949257141;
0.3645385968113877;0.1003181760096374;
0.2101362453266127;0.2125251939021122;
0.2940651057766395;0.1247342842282895;
0.9931778939507665;0.3369525856660470;
0.9237760045220442;0.3349739404497555;
0.8812484478999744;0.3977166704559479;
0.2314914453498698;0.1261148092304095;
0.3283735769482747;0.1020871994840584;
0.1873560002045134;0.1255430569858039;
0.3085647298968043;0.0866850343019891;
0.9344709847312328;0.3817531733337389;
0.8528930671088405;0.4290906111219100;
0.3012764153321136;0.0784616194127285;
0.9546887285020512;0.3553147783575289;
0.9860720880789883;0.3336671972415433;
0.9504523458633780;0.3543156808176179;
0.3929458482103869;0.1950220061547474;
0.2165622528362781;0.1458259915447325;
0.2925830748241181;0.1392052250907077;
0.9323480223954068;0.3583112464392761;
0.2720478650560312;0.0879690998916360;
0.8982558244974393;0.4418945166658911;
0.9213512041930304;0.3856808754623214;
0.9698749117558835;0.3540443689084354;
0.2131055518460823;0.1246822967045292;
0.4416227937838203;0.1511583194354670;
0.1351703741858706;0.0776315481394809;
0.9251978357830191;0.3818486660619027;
0.6706531275719139;0.0184576021440686;
0.2990703226519581;0.0766845890137978;
0.3586512784096490;0.1528228704013607;
0.9512243259915274;0.3359517677845807;
0.4294127675416270;0.1310898679351733;
0.1394220689891067;0.1780553487209700;
0.9236297222605442;0.3965517846238251;
0.8165586267145436;0.0818295024871534;
0.2019907413986855;0.0763159000707261;
0.1660337162447526;0.1938696877868248;
1.0022905076523398;0.3505811424520874;
0.9710437589229319;0.3569710817744043;
0.3166723863309466;0.1763505479118034;
0.2818516170313586;0.1647627512762636;
0.9147055346850725;0.3698828354403890;
0.6811415392890000;0.0385943792016612;
0.9170961060955118;0.3970664775505006;
0.9643638798574006;0.3156645805851508;
0.2354993158278739;0.0140936794432009;
0.2571083763806452;0.1103255585998561;
0.1959640221991048;0.1425485833659576;
0.9405756586384666;0.3332567377543205;
0.2598996685392409;0.0866312598016687;
0.7103972720662203;0.0535707102942810;
0.1953157678030650;0.1287007931001270;
0.1418212389677611;0.1258669102411008;
0.2577920638292327;0.1021142003816109;
0.2425555654022905;0.0445316046901022;
0.9082952545757736;0.4006382792943438;
0.3786226320589449;0.1039333476718528;
0.9326401589975453;0.3727362748508228;
0.9691275600079576;0.3503006247218044;
0.3670706727278187;0.1401980452348935;
0.2988658393301565;0.2095431899496669;
0.2516678114383288;0.1653053719873226;
0.9116396098116796;0.3762337528092354;
0.2618034077404234;0.0673259200809590;
0.9315404581079386;0.3358505319325004;
0.1973318623587557;0.1911023985736613;
0.1395446894419641;0.1130394679988000;
0.3457979137301754;0.1542662731934271;
0.9159286839188898;0.3277412130351894;
0.9339792625249588;0.3790593920845237;
0.6928111752407355;0.0037349437152721;
0.8683130514003684;0.4306197623089079;
0.9488703025067373;0.3593911634338209;
0.9047354985630798;0.3932913941053672;
0.3498958679511514;0.1306889763963232;
0.7826709835638905;0.0240959541104604;
0.2615714936070807;0.0556013175205686;
0.3054286645403627;0.1221382131995423;
0.3382388052249177;0.0792642622606501;
0.9174600671814280;0.4058735877049746;
0.3234048566397050;0.0856626400180886;
0.8683508329847632;0.4242194886789286;
0.9011145382867429;0.3469946639983489;
0.2514651829203178;0.1253700641826599;
0.4187938128026086;0.1956029647477676;
0.8980144317794494;0.3611514026322440;
0.9844472394247893;0.3070014218246373;
0.3377392979796129;0.1429527610097958;
0.1429772805285400;0.1339721594789614;
0.2214193569142901;0.1226895731656070;
0.2318790235199090;0.2014610893524350;
0.2480174692636194;0.0699050011987046;
0.3465172781607695;0.0956975514034290;
0.9339029577253590;0.3203833039797609;
0.3205331243462333;0.0938618638184125;
0.9074729876041165;0.3637854576511808;
0.8512554478327523;0.0435825590850842;
0.9126372613736230;0.3869401925800469;
0.2398271807861967;0.1502690311998340;
0.9305445077735254;0.3784286350147168;
0.9345903091964785;0.3594563205508474;
0.7986267599572391;0.0180327250520102;
0.9344642861342555;0.3668258554208326;
0.9395468810487053;0.2951573563898148;
0.9121296737724673;0.3790048103175390;
0.9695495983322552;0.3464048828781055;
0.9937458627069471;0.3150105588918126;
0.1927117709431681;0.0850897931855775;
0.8501471132425386;0.0980052608707435;
0.9739979295708436;0.3281897261730956;
0.1999192148580280;0.1542319343248397;
0.2346894894967909;0.1129337596484158;
0.2958000608851729;0.1425225920434381;
0.9285807047779491;0.3613645962953700;
0.9615340127078308;0.3374732980873104;
0.2970514006450634;0.1381921741781476;
0.3049777258160375;0.0996608460650206;
0.2184199903821861;0.0916554526847433;
0.2293684886747455;0.1012153145440622;
0.1342060427228957;0.2022063740600798;
0.7127084679289689;0.0914005934374090;
0.1981338298471453;0.1493259153580115;
0.2447488227001339;0.1081210015236275;
0.2006232436532486;0.1347984643065774;
0.9085521426954362;0.3500775718208278;
0.1754388388591638;0.1565256647722159;
0.2357288802589215;0.0237881793054247;
0.1850152114144536;0.1229258586539393;
0.2084935245643406;0.1236548600392676;
0.9293992571467157;0.3491283587274115;
0.9886246367302663;0.3053685980507282;
0.9147236277791309;0.4278805314518916;
0.2990563312627718;0.1014904494418272;
0.9068746343881168;0.3677557541829037;
0.1582831145872869;0.0875993360861063;
0.2943634808688730;0.1445276176227822;
0.9190227660523902;0.3515313674611518;
0.3228457896218647;0.1277991949935892;
0.9826062500643530;0.3261212963906174;
0.2385909947378399;0.1091648683970246;
0.9929060587743275;0.3180066933566879;
0.9884562717822133;0.3223801760337213;
0.3605075992804421;0.1417730509546999;
0.2220795805211211;0.0957758305745738;
0.3242323342485761;0.0618050580806186;
0.2741820565741412;0.1079779942868401;
0.9501231980197226;0.3660812310427671;
0.4246624294139681;0.0808322302734507;
0.9591779242823826;0.3210810543518066;
0.2659838546106614;0.1309219139673072;
0.4178642080507618;0.0847535491206188;
0.9390334627082449;0.3472067733335715;
0.3200330925300516;0.1851929446991190;
0.9326759014974839;0.3892640750331257;
0.7655351659488491;0.0028686044195016;
0.2445991451967679;0.1334104734747202;
0.4054965150823370;0.1407019155880830;
0.7997966719297415;0.1467862783834459;
0.2255886713119644;0.1459052883157509;
0.2840407599926641;0.1298567815420571;
0.9004568373335594;0.4095474327931686;
0.9065106410479865;0.2942910171059753;
0.2133265983913144;0.0680716361170652;
0.7202861670327544;0.0094909353870174;
0.2242669360394359;0.0913562787056083;
0.3053838761620654;0.2170064559741384;
0.2750133232602411;0.1413947947697192;
0.3043907040626019;0.1010714725813269;
0.2137627360453352;0.1250753316641350;
0.2049440615528681;0.1427926877069199;
0.3082279063032137;0.1579861356153893;
0.2370413993230572;0.1691578962330342;
0.8751165973701691;0.4267158156326407;
0.1451441910665343;0.1501748062903826;
0.2282435962610472;0.1098064663792313;
0.9261279484124249;0.3137171771714261;
0.3689185193771332;0.1733569601110956;
0.4215467973154232;0.1128251623039409;
0.3196016922800705;0.1720926560217124;
0.2566007080712178;0.1506091844227365;
0.8850048873400882;0.3358335264190830;
0.7146179938513079;0.0275532530864623;
0.9506532639540193;0.3559102805515892;
0.9404119299320493;0.3671255415875751;
0.2602346619818628;0.1148508476176666;
0.2349743530002287;0.1720155499366027;
0.1948155492858027;0.1877849837330952;
0.2466534337888286;0.1803857614501577;
0.4208269732805142;0.1276368463810455;
0.9239998764337022;0.3432615669580187;
0.9196203183773942;0.3341671937113294;
0.2068956439333807;0.1841732246081738;
0.2097874941122916;0.1426593805548185;
0.2256642636340642;0.1063117715277773;
0.2507429399447001;0.2519106139299966;
0.9811414700928802;0.3040009823508873;
0.7007309829488965;0.0436689574144702;
0.6601163657300515;-0.0126676448839907;
0.9104696754765510;0.4023500900402371;
0.9626464539832669;0.3183076770678143;
0.9432186721914428;0.3387512617412717;
0.1080036970293861;0.1421158468171509;
0.2931355683094870;0.1197965702593295;
0.3054737084659374;0.1284432286018750;
0.9308252844227504;0.3315338267893628;
0.2986952063055874;0.2063525810442951;
0.1553544008325303;0.0772553093205199;
0.3609105911661757;0.1027354392040065;
0.2537195923684685;0.1289429766011940;
0.8961567857945911;0.3785669967182766;
0.8877451936410924;0.4455547895003500;
0.1933334041479461;0.1067072503935857;
0.2110150829927563;0.1239116976484358;
0.2387651515916631;0.0855100537861148;
0.3279476192370332;0.1284926032356399;
0.9500541338039508;0.3179499527018596;
0.1636267543175128;0.1646213716810833;
0.9464533282150835;0.3629685316156728;
0.2971017329551295;0.1031099856273324;
0.2122711608373880;0.1332050153168376;
0.3759432958550318;0.0623416693936080;
0.2511557742427262;0.1324415268513550;
0.2777491914458400;0.1597500695044942;
0.7507009049658154;0.0826356672413323;
0.9383251292516013;0.3823297015196429;
0.9299581349563274;0.3688462659001888;
0.3163362172665238;0.0797944376378640;
0.2818204219264256;0.1186491072777242;
0.8984931738484880;0.3584955526787894;
0.9393533708329573;0.3512154218667349;
0.9095920244133231;0.3523909540056979;
0.8162738481566378;0.0980541550444631;
0.2510634766435009;0.1340593824085525;
0.7225102935349024;0.1043303247132226;
0.2341157334005221;0.1364101619902491;
0.9648051769049393;0.3399394307497660;
0.0595378657890384;0.2586107929164958;
0.8396008303633780;0.4080078547315799;
0.3453265909951572;0.0723327910652727;
0.9216719056744940;0.3308975199055497;
0.9649433722897874;0.3393961633694176;
0.9817723654417504;0.3348413947650686;
0.1940999184099499;0.1093144127453805;
0.9375532329244428;0.3779117570586090;
0.2679767110853219;0.0810136441271589;
0.2756747332108329;0.1649402220208390;
0.4777380619675374;0.1056721562735743;
0.9458709392083595;0.3534460263773410;
0.9204581952631572;0.3611274019735632;
0.7407774940668818;-0.0210744231608058;
0.9146530566501818;0.3550700022053361;
0.2248024136498540;0.1546833034503869;
0.9498855132931556;0.2931774584263568;
0.9068530287603745;0.3385236714066425;
0.2336013543919273;0.0863144548667671;
0.9624811547911413;0.2992970717204873;
0.9720431570609465;0.3051770666900894;
0.1976031547742047;0.1429763474372591;
0.9198654760064530;0.4000663177012019;
0.2200884741447193;0.0793111403000489;
0.2556125511937603;0.1174503085085481;
0.2358393672040290;0.0493008984393467;
0.9505184004296066;0.3048522646278307;
0.4347454992882076;0.0898428508370764;
0.2982275504194182;0.1559779880115480;
0.3179928382729853;0.1266473048560582;
0.9310193955358247;0.3736213985992968;
0.2729838548774053;0.1367120658729204;
0.1785402724059965;0.1094832007645632;
0.1324581045832522;0.0562146042100243;
0.3721513478069302;0.0762074368993836;
0.3302787455360980;0.1323346460956601;
0.9824698859663827;0.2875811194404214;
0.9400258741138620;0.3497585912683714;
0.2441603654078846;0.1452641318208029;
0.9122270934638436;0.3771851604274179;
0.1580013953747658;0.1256819207184148;
0.2232418643110751;0.1161257467622952;
0.2935032190572848;0.1264842502367274;
0.8919428346775337;0.4258171395546751;
0.9651267388851130;0.3420207905142272;
0.8801794662918156;0.4311200747031150;
0.9193838000059323;0.3509933394041945;
0.7011886892124072;0.0182373146391116;
0.1993915842810801;0.1339515346276746;
0.2785231606284073;0.1337492531448271;
0.8969010173048257;0.4097371038881615;
0.9303429292081250;0.3451113741758834;
0.2708112670233287;0.1828039893944844;
0.2948430949174100;0.1589782277627595;
0.2640815254450859;0.1225814752021226;
0.7600051351443082;0.0460046366825610;
0.8983459590418237;0.3767421953057796;
0.2749333706189271;0.0624204459944182;
0.2607839198020284;0.1117362842180553;
0.7801153089069451;0.0409382477281189;
0.3527534611470479;0.1314506185062075;
0.1815867923312297;0.0838815029014094;
0.2199871859003882;0.1408307449044082;
0.1573540993312915;0.0838594711240674;
0.2359067709111777;0.1603535728816958;
0.3190164100801542;0.1846423354218338;
0.3010353100310432;0.1538155866915631;
1.0077053921538510;0.2731582230181280;
0.9033039382598401;0.3563221814406631;
0.3989433944665006;0.1262368645418386;
0.9015229355206361;0.4313893692485237;
0.9504078772311555;0.3472104530999557;
0.3021162725130098;0.0837702633394158;
0.1955778058072900;0.1234436184725272;
0.2245001366734118;0.1457624018520775;
0.2609342216004589;0.2358169123555888;
0.2779665978592354;0.2094337980333943;
0.9346255303197991;0.3495040978524450;
0.3214658054227271;0.1835259887048123;
0.2828623816727870;0.1220715394048635;
0.9533579357150060;0.4082856334720741;
0.1579125263449498;0.1488351162680667;
0.9527195193284169;0.3855414083820322;
0.1930263797568411;0.1178556191138293;
0.1762317523207310;0.1041953955430309;
0.9568287745157400;0.3249974851613180;
0.8925559538392187;0.4140049546782263;
0.1545792692467922;0.1135254553117731;
0.9558356337331972;0.3783266394716853;
0.9579229062309547;0.3315506229761623;
0.2486339443247161;0.1039043906875298;
0.1492373742427493;0.0849886227546220;
0.9030815755904739;0.3992486789236652;
0.9220241033392166;0.3621551600601993;
0.8805913843829929;0.3739582850919365;
0.8806927920419090;0.4314996114850013;
0.3810875470425558;0.1620081615051023;
0.9660882977811674;0.3456310663299499;
0.9369155188636151;0.3303693719948462;
0.9554616764731083;0.3806112496735012;
0.3077162207616004;0.1543928889218752;
0.9263896521833934;0.3302129613758110;
0.3227671077105562;0.1421395765303379;
0.2226261172957454;0.1674647484894835;
0.9140456467070910;0.3861345634543097;
0.3574856733310968;0.1084365999692547;
0.9688832548767529;0.3864670283870408;
0.3025277196142038;0.2019066221861305;
0.1948003469141801;0.1569707357675947;
0.9471622493350119;0.3577603700232716;
0.9587479048373446;0.3363181105179296;
0.9502059669846609;0.3682353903854751;
0.9283715444030561;0.3794862466986029;
0.1483325459901991;0.1361299926591215;
0.9549157144286543;0.3166382740268273;
0.2722960412761422;0.0640403212326681;
0.3265479398513464;0.1204415756185011;
0.2306045965887820;0.1313202926217700;
0.9318963685731606;0.3937737214283533;
0.2792111652097056;0.1220516138735654;
0.2761018408261248;0.1468516574716603;
0.0795953537636095;0.1274693159009986;
0.8654896857778900;0.4243644113518624;
1.0050727095861463;0.3316289613224626;
0.2399763192879915;0.1098197993939490;
0.9468448524803035;0.3532596105507871;
0.0822943939786273;0.0465066004732433;
0.9168916825230281;0.3962564801996952;
0.1413387611516737;0.1654410219155146;
0.2172479677280026;0.0803525398800131;
0.2766249336621014;0.1095874859889616;
0.2443290211699762;0.0692568547637762;
0.2488247311706481;0.0835367562800579;
0.2397097554681707;0.0918356385702737;
0.1742877809481623;0.1719875144679480;
0.9389134912919971;0.3788240042950640;
0.2558565661184528;0.1229680722440158;
0.9192554098119944;0.3731770459727515;
0.1198882645667847;0.1549538111356414;
0.2826194806137936;0.1594399285198512;
0.1949944928351945;0.1226064266251965;
0.9320916635985075;0.3629949541418402;
0.1961907902872115;0.1556250566317488;
0.2479631402194034;0.1253313511796469;
0.2895730987096950;0.1117678251148792;
0.7254602361437372;0.0605081646193619;
0.9111024780295391;0.3872418478461646;
0.7611270316399958;0.0984293167239533;
0.8786838088764343;0.4070524092288674;
0.7557381672017880;0.0348482914354490;
0.3017755927314990;0.1570319293539681;
0.3571759741618831;0.1879958671407806;
0.1510488673251978;0.0734719532209805;
0.1628330375958328;0.1673378305650861;
0.3107522435584139;0.1152540969976100;
0.8980230376729136;0.3903128103190325;
0.2220771379076481;0.1097706113662899;
0.3181816620149663;0.2333304074736237;
0.2330431133793246;0.1709805456299684;
0.2014267621074151;0.1580313741767871;
0.1792397813399054;0.1147280043220159;
0.3136663503345294;0.0955979486024150;
0.9187605269684865;0.3687507721499802;
0.1210538619476807;0.1178439107176302;
0.3168129004023283;0.2124682712299458;
0.9131553200101141;0.3535455355780579;
0.9802461529006188;0.3158054785859251;
0.2721655052938179;0.1727954638909170;
0.8030045101462838;0.0533666099216857;
0.3040723756592911;0.0751180162348786;
0.8939645314393845;0.3613522082477289;
0.2148500646046418;0.1578543291714191;
0.2248785516379836;0.1152776006900722;
0.2165570830014639;0.1310741945621566;
0.8950524306265888;0.3505898390301138;
0.7415113709917850;0.0511293888657663;
0.1087696136278574;0.1058861121279862;
0.2794323428583034;0.1525566865413963;
0.3311793666161242;0.1778671333917888;
0.9792893610680171;0.3136566944472769;
0.2930640043584555;0.1721606264025015;
0.8170259571030740;0.0692349257824468;
0.3293268153967746;0.1210353627862564;
0.2065771886468803;0.0777468115478326;
0.2370829093453294;0.2093842849755667;
0.9372009670717669;0.3747286977367575;
0.9924823706037518;0.2849793436171316;
0.2956246804826999;0.1014037850869770;
0.8953359018872129;0.3870929007123396;
0.2037726961762727;0.1076326248708450;
0.9688504450586206;0.3605731194493884;
0.2886713700145903;0.0520057552627683;
0.2480710402743177;0.2125611620344619;
0.9636024559917014;0.3161379111679060;
0.3034356286965548;0.0839309460437737;
0.2266958239637555;0.1304667970424190;
0.7405118244826064;0.0381612327597938;
0.2531448319539396;0.1195751767393239;
0.9390844294883235;0.3154690586143599;
0.9648500943096939;0.3395191518083212;
0.3016374715998234;0.0831834563021237;
0.9622740269160669;0.3335566215018954;
0.2247827848841515;0.1573857854302250;
0.1601192477851456;0.1214772756974547;
0.2512831563290959;0.1309493837369277;
0.9445166595109629;0.3499240467117433;
0.1456874103527422;0.1854277247027417;
0.9508585932840865;0.3130187073274615;
0.2871809575544319;0.1289856686080321;
0.2603367897293623;0.1468713227652595;
0.3971099212068674;0.1981932020732825;
0.3962028018694639;0.1080134126484452;
0.9028128542951184;0.3805121761465641;
0.9371634672733757;0.3785933607040415;
0.1537812711263311;0.1546467207274574;
0.3267373619886740;0.1590196884162661;
0.9766728889853098;0.3109995865221851;
0.3003074153233904;0.1189786720776405;
0.9820890420512524;0.3074318250301832;
0.2022707051674390;0.1031860909776896;
0.9248767924299421;0.3627641524474157;
0.2370177993994892;0.1501579927133505;
0.3220449152684179;0.0803461571753773;
0.9327544235509327;0.3314077466142383;
0.1865040444732370;0.1629240639782011;
0.1715278276726391;0.0743606526040220;
0.2980189077678562;0.0815210926061888;
0.3323807401335387;0.0657959618740943;
0.2951744385593999;0.0408136480001745;
0.1721889409624525;0.1398234689370016;
0.9375186796018953;0.3356723473735084;
0.1816328426231930;0.0762827420894086;
0.3332395189264989;0.1042995974905114;
0.3280208395275596;0.1192838030104196;
0.8691218866944865;0.3637430366031520;
0.3025025726570781;0.1188129447912203;
0.2889613781506739;0.0563196016330148;
0.3312731158852755;0.1267343216871024;
0.2866657624247611;0.0961105950866373;
0.9068778559187289;0.3837974338121397;
0.3000059430652762;0.2028166252035381;
0.1292187133657615;0.0730560459987195;
0.2570725516004085;0.1214399112029221;
0.1668560554245290;0.1668028213659483;
0.3159846391869744;0.1401960644530650;
0.9324654347624024;0.3546110078514086;
0.7785198727562658;0.1349654858249948;
0.9437684729171183;0.3876369840922271;
0.1912204863245876;0.1492115112760316;
0.9445563255912699;0.3407099063021986;
0.8758658638763890;0.4302550296542422;
0.2076180169885503;0.0872121192701574;
0.2872927365227135;0.1310174669966623;
0.2108218584113442;0.0899437228954300;
0.2870030404388919;0.1542333413892164;
0.9360613999917146;0.3802222609201349;
0.2764974938804040;0.0890699871610943;
0.2478467687511515;0.1168265162126335;
0.2114552155247120;0.1454172556811604;
0.2286719124625635;0.1112831566072240;
0.2786277087568781;0.1407537229928698;
0.9524037448266941;0.3601877578828184;
0.1291587380290313;0.1181715410820315;
0.9441654491604173;0.3555310172029205;
0.2199403841262866;0.1926330725992079;
0.3479908512093233;0.2404742886647888;
0.9601494609291493;0.3218376403069005;
0.2009784386097430;0.1173008081836018;
0.2718283258860750;0.1717432007350388;
0.2461361205208808;0.1026684167621577;
0.2402659604888785;0.1435833645376990;
0.2958047175950566;0.1440241387585551;
0.2995875553352271;0.0912984330044829;
0.8914075718401497;0.3839548677143610;
0.2406659066961020;0.1471210540752437;
0.1498787945793607;0.1411482839574869;
0.2336524556955893;0.1478457026744167;
1.0121416798565592;0.2954501661940186;
0.2520356624314335;0.1100361252988923;
0.2422823204356228;0.1257458268761248;
0.2019402309505063;0.1734783269410563;
0.2193322123703045;0.0804676270645747;
0.2166874751830865;0.2294612239872105;
0.2588444825287153;0.0812204087777307;
0.2538203968498656;0.1700797512050464;
0.1780951434966668;0.0767099050186317;
0.3344182053426459;0.1500903003962452;
0.9075791754095038;0.3418373017820935;
0.4404029466842738;0.1432187063646677;
0.2551213672487627;0.1000468901042993;
0.2513753557798182;0.1650011922314940;
0.7597959718140669;0.0391387263325471;
0.2541172288490994;0.1864555684250604;
0.2514614987746494;0.1032659600591210;
0.1787742776018637;0.1206415359180529;
0.2569220040646963;0.1385053222879110;
0.2591213630402166;0.2271435933217798;
0.2714867046746715;0.1208986726241066;
0.2089893742169283;0.2040097409045944;
0.9442222922514473;0.3386955734848746;
0.2442938373417710;0.0621986590755815;
1.0029709925752088;0.1190097371642232;
0.1839170152223000;0.1309472025731603;
0.3250738651639784;0.0954382584910381;
0.2069514850093155;0.0756702410020169;
0.1608807906620655;0.1194550757058354;
0.4350000770775176;0.1157175831303052;
0.0515036079437839;0.1946394868929192;
0.8514745580554470;0.4519726547702763;
0.9453212009229509;0.4018284051677182;
0.8776376300657432;0.4224913569464880;
0.9482456518010303;0.3428244594324105;
0.2004664256660975;0.1801339789931845;
0.4098009208314642;0.0794960119050125;
0.9244416237372307;0.3492558086757299;
0.2140765863136124;0.0969348896986087;
0.3139333513301974;0.1219394668058549;
0.3536887345733864;0.0962526457466831;
0.3243886103306459;0.0605691819112704;
0.9139201272031982;0.3556056915698037;
0.2811404083529879;0.0821461500724019;
0.4042872553518290;0.1652615101590845;
0.3000174943166699;0.1281458260001561;
0.8813805286234055;0.0854510627505124;
0.7106843048146381;0.0336061115396133;
0.9130878317895408;0.3465678678196860;
0.1793792917389073;0.2284724796587319;
0.2634121938308358;0.1099949172795819;
0.2514021949773874;0.0897559358786154;
0.2838374677083959;0.1153317521137266;
0.7002124428851371;-0.0081034267133738;
0.9217779679203134;0.3131132316482372;
0.3557624103889927;0.1701728037359100;
0.3221262186690062;0.2043797245500261;
0.3188342506765561;0.1590418581283975;
0.1964210954873494;0.0729682820858386;
0.9488762088617509;0.3318732752549793;
0.2213235002775608;0.1406123227071169;
0.2704602732197788;0.1429033490319072;
0.4183402824901570;0.1225025387922241;
0.1616385534769093;0.1498326306744298;
0.2158753399111092;0.0998735740275292;
0.9455874116792252;0.3827947843518296;
0.9498692688576184;0.3426036665489888;
0.1900894926998853;0.2014575688649512;
0.2868790895798446;0.1832648533796103;
0.2586871535972800;0.0994999505981173;
0.3091970195511722;0.1011210557347946;
0.1324412110853242;0.0947579074430052;
0.9651284884545008;0.3250580659610962;
0.1986178602491681;0.1666527526623031;
0.2043593579518456;0.1688003438114324;
0.3098087751695157;0.0997346003849044;
0.9747583436110102;0.3015194758618424;
0.2013266958665382;0.0398305160031867;
0.2839872171667546;0.1661915875012984;
0.1758359632138385;0.1908103876297881;
0.9113399659629250;0.4010759738319496;
0.8875893367118430;0.3983396212134813;
0.8823120798385589;0.4037658062677497;
0.8873432520501540;0.3957809169207815;
0.3347334519035380;0.1101885271333479;
0.9549068096485249;0.3802927538829918;
0.2649845066781715;0.1118691322637670;
0.9482309359059884;0.3264165853519490;
0.9590015032742291;0.3536482651945319;
0.2337719684355956;0.1535082740176773;
0.1814808816831329;0.1069994159101301;
0.3275870566805038;0.1563888980529937;
0.2741382458475617;0.1460249072557549;
0.2326403525117835;0.1559360240424332;
0.3481884659639822;0.1388518920880344;
0.2318344171944654;0.0655689960269512;
0.2419579053705113;0.0371163291390289;
0.3216257489135942;0.0690673438992794;
0.2513937918502302;0.1265783718917626;
0.2961857086128764;0.0950302788122188;
0.9467637788811996;0.3708834968826613;
0.7535813223590073;-0.0187344671088031;
0.9327872718288842;0.4093931745015521;
0.8718863490339184;0.4139662571945587;
0.3397251444984692;0.1383985284811670;
0.4271758757061598;0.0310790975695877;
0.9638695068128296;0.3022509213743595;
0.8962979220722739;0.3738927614294779;
0.8879190691674620;0.3928763687068777;
0.1918881937563448;0.1751538322575533;
0.2554511887742124;0.0500329941064503;
0.3336622446994097;0.1183170738415360;
0.1824042274013107;0.1283842981905538;
0.2147063285131252;0.0649593639891748;
0.8654942614845209;0.4007223153904910;
0.1186197593532926;0.1047616957973139;
0.2273978926416679;0.1184875564386542;
0.2073946163372762;0.0954904951113863;
0.2656138311215376;0.1216355045195377;
0.2451498378214209;0.1351087015016706;
0.9520455142764773;0.3773951466786898;
0.8378818598632758;0.4527857294798557;
0.9506173293861805;0.3402814519344148;
0.9302703686026669;0.3928000735467504;
0.3179590416307009;0.1386556001354141;
0.2452523219519440;0.0855426572291960;
0.9474723684158581;0.3424027690154595;
0.9044146397129083;0.3969901137034130;
0.3589974986237882;0.1461475709735667;
0.1895041913090936;0.1009158735977231;
0.9483129525381037;0.3324111565913779;
0.9099113361593356;0.3463734345958302;
0.2071128365966181;0.0709637228275526;
0.6887427540424477;0.0245798687395010;
0.3508198676588534;0.1548534526656106;
0.2407314076119490;0.1939773457562702;
0.1879480617749969;0.1537290297547133;
0.2882215326680487;0.1708720890741637;
0.1832753026968995;0.1176400273469393;
0.9126025788431296;0.3561888530507300;
0.2255320404925017;0.0900416781926524;
0.9417951056618128;0.3979860632479350;
0.2837836926636005;0.1155395736654360;
0.8979227480961217;0.3713349189635631;
0.3120772971919803;0.1459495832889141;
0.8663118230287282;0.4102825892307917;
0.3273074900088900;0.1616875527434947;
0.9586343465425671;0.3645592795732102;
0.0514946529849500;0.1342960057798734;
0.3283148529690547;0.1737500926361975;
0.9969856413075526;0.2705853496231290;
0.2404930170515473;0.0622815326560876;
0.9432908883092018;0.3624228287971534;
0.9280252337951104;0.3686051689866043;
0.2738679133380338;0.1469543379098343;
0.3069748226310705;0.1149512947982917;
0.8975128329181360;0.3977591389084117;
0.1775096840668472;0.0853649532002488;
0.3435166591938998;0.1041387243687624;
0.9358143604580925;0.3344773594135779;
0.2786679791291246;0.1020906874479997;
0.2647354785611942;0.1542776117964703;
0.2013826134401479;0.1224151221157591;
0.7840727220139384;0.0271301684408789;
0.9631102538451148;0.3639285930425255;
0.2564540403941103;0.1797182191967677;
0.1976924057437194;0.1199485520950118;
0.2059028417694138;0.1834429938808520;
0.8953294445958893;0.3882940076399438;
0.3264538486834302;0.0974568328383747;
0.3190143236101616;0.0608197780262549;
0.8087442787856728;0.0847418102521393;
0.2077269726547648;0.1201284775803703;
0.1465798748204123;0.1563326334936150;
0.2404321170679567;0.0222306361073073;
0.2516364989326279;0.0917323646813322;
0.1023648663575682;0.0514193108456929;
0.2396636587552126;0.1322974248467520;
0.7897598981449266;0.0349823563079090;
0.9534155408437780;0.3506736658939844;
0.2763013553040063;0.0955938624396774;
0.9370883121989519;0.3355337167836591;
0.3264883622143819;0.1409022599371604;
0.2992713026927641;0.0910464340808305;
0.3456459395134007;0.0844126648350809;
0.8932396302398687;0.3810532169874333;
0.8797273622592141;0.1628923362841874;
0.9550060487876646;0.3306154022853576;
0.9148059712988748;0.3469978043868898;
0.9045986361851135;0.4191626888531090;
0.1655166672455742;0.1405881589004024;
0.1827441430708812;0.1584129675285720;
0.9537620308869678;0.2901661990229968;
0.9379840008068501;0.3484197021177293;
0.8507850659925562;0.0735252769460855;
0.8764403172709464;0.3748580882135899;
0.2052062262080515;0.1017410132418867;
0.2323247232131749;0.1900927791714305;
0.1573844421635344;0.0444885117854481;
0.4090718401856150;0.1523661471138612;
0.2444888418547690;0.0498895829997744;
0.7408395823278685;0.1252139083411115;
0.9452647449878659;0.3650893814747051;
0.8725891758545072;0.4246583768058981;
0.2426876792302020;0.0882075612879065;
0.1607329736662285;0.0890786644740242;
0.9112628418731193;0.3215155937804042;
0.2480995126520209;0.2300578428394068;
0.4132035780030526;0.1170903027260497;
0.1173583190671354;0.1413416461935155;
0.9269468283482806;0.3619347335602807;
0.9586471403425353;0.2731837960744197;
0.9699492724264067;0.3358103405959229;
0.2597421610247422;0.1601440724580093;
0.1583111898325732;0.0816990596553687;
0.9139273430837555;0.3955621883796386;
0.3333931521367708;0.0933990788166272;
0.2248127377907183;0.0588131487145759;
0.2708274904567214;0.2007831508148520;
0.2948554472240250;0.1095200105782428;
0.1941640270374760;0.1485632351770373;
0.1987434889105051;0.1130402884402834;
0.6773930121877803;0.0312808966994696;
0.9389853340354374;0.3484752721882495;
0.8976626213169752;0.3685210218009941;
0.9839959956452938;0.3175571672616300;
0.2291774363461666;0.1906644132150210;
0.1289088119657310;0.1907884514255643;
0.4160231433696828;0.1263389850081715;
0.7647292020821403;0.0504030206796477;
0.2131432424679892;0.1194214441780212;
0.9653949920198626;0.3696234009767708;
0.3437703482210647;0.2153031329904611;
0.9118688152591118;0.3595019457901762;
0.2634795863284849;0.1391606087183137;
0.2970416984360194;0.1404693182826797;
